Exam Session,Question No,Marks est,Main Topic,Sub-topic,Requirement Type,Strategic Framework,Technology Area,Difficulty,Cognitive Level,Repetition,Model Answer Theme,Exam Technique,Source,Priority
Sept 2017,Q1 Blakes Blinds 1.1,10,Competitive advantage,Resource vs Positioning margin,Explain/evaluate sustainability differentiation,Porter Generic Kay,None,Moderate,Analysis,High - similar MSL,Focused differentiation internal R&D Auto-Close external competition exchange,PEA-C identify focused diff apply Auto-Close to differentiation analyse sustainability internal external,ICAB Workbook 2024 p12-17,Very High
Sept 2017,Q1 Blakes 1.2,22-20,Financial performance analysis,GP margin sales mix variance budget,Calculate + Discuss ability achieve budget,None - margin safety variance,Data analysis,Moderate,Application,High - MSL margin,GP margin by revenue stream sales mix GP mix exchange rate impact cost ratios % changes 20X5-20X6 discussion Board concerns fall operating profit reduced GP increased fixed costs,Table calc first then discussion ambitious growth competitor seasonality fixed costs assumptions,ICAB Workbook 2024,Very High
Sept 2017,Q1 Blakes 1.3 1.4,4+8+11 3+5+7,Acquisition & Transfer pricing & Ethics,Backwards vertical integration operating gearing transfer pricing options ethical issues,Evaluate advantages disadvantages ethical implications,Acquisition methods Transfer Pricing options cost profit centre,M&A Transfer Pricing,Ethics,Moderate-Hard,Evaluation,Medium - franchising repeats,Balanced consideration control risks flexibility overseas new markets goal congruence behavioural capacity external market reporting profit tax legal implications + realistic actions financial controller,SAF + TARA for risks + ethics actions brief discussion implications conclusion,ICAB Workbook 2024,Very High
Sept 2017,Q2 Air Services 3.1 3.2 3.3 3.4,3+5+8 2+6+7 2+6+7 1+3+4,Cyber security & People & R&D & Control,Control risks strategic fit preliminary advice TARA recruitment retention innovation,Cyber risks TARA control recruitment R&D evaluation,TARA Risk Matrix Resource audit,Cloud network cyber risk People,Moderate-Hard,Analysis Evaluation,Medium - cybersecurity recurring,Quantity quality people short/med/long recruitment retention skills availability training flexibility workforce R&D innovation keep current services develop new ones technology risks investment funding required - specific risks hacking DoS sabotage impact reputational financial safety deaths fines loss contracts widespread network cloud increase risk,Headings per requirement control section risks section strategic fit preliminary advice apply scenario,ICAB Workbook 2024,High
Sept 2017,Q3 Purechoc,26,Strategic fit & Growth methods,Share sale vs franchising share sale Koreto Inc expansion franchising,Evaluate strategic fit recommend,Strategic fit SFA,None,Moderate,Evaluation,High - franchising repeats,Structure four headings one strategic fit highlight likely issues appropriateness long-term perspective how Purechoc strategy to date fitted two options,Four headings approach + detailed scenario fact,ICAB Workbook 2024,High
Nov-Dec 2021,Q1,10,Business strategy definition & ethics,Objectives ethical climate,Define explain impact ethics on strategy,None,Ethics,Foundation,Knowledge Application,Low but ethics always,Impact ethics formulation objectives external appraisal ethical climate sustainable present future ethical expectations implementation,Bullet ethics impact 4 points,ND2021 Suggested Answers,Medium
Nov-Dec 2021,Q2,20,RMG sector crisis & Recovery planning,PESTEL Macro Global supply chain,Analyse sector crisis recovery government support,PESTEL Supply Chain,Supply chain disruption,Easy Moderate,Analysis,High - RMG repeated,4 600 factories largest industrial 36% manufacturing 11.2% GDP monthly wages 470m BGMEA appeal international buyers take delivery goods already produced pay wages under production long term planning necessary government sector leaders 3 ways stickiness orders diversification support,PESTEL headings with RMG specifics % GDP etc,ND2021 Suggested Answers,Very High
Nov-Dec 2021,Q3,15,Ansoff matrix & Outsourcing,Internal efficiency market penetration product dev outsourcing cleaning services,Analyse strategic options evaluate outsourcing cost benefit risk,Ansoff Matrix Outsourcing evaluation,Internal efficiency,Easy,Application Analysis,Very High,Internal efficiency market penetration outsourcing some manufacturing presumably attempt increasing internal efficiency match competitors low cost - cleaning outsourcing fees contractors cost presently incurred financial returns transfer assets redundancy SLA monitoring compliance financial stability robustness track record controls performance indicators,SFA for outsourcing + Ansoff mapping,ND2021 Suggested Answers,Very High
July-Aug 2022,Q1a,10,Tourism competitiveness,Porter Diamond national competitiveness,Analyse Diamond model,Porter Diamond,None,Moderate,Analysis,Medium,Although tourism industry Bangladesh growing government supporting underdeveloped compared other countries Diamond model 4 factors competitive advantages industry country over comparable other countries,Apply Diamond 4 factor conditions demand related supporting firm strategy rivalry,JA2022 Suggested Answers,Medium
July-Aug 2022,Q2,15,Product life cycle & Marketing mix maturity,Trading down up proliferation intensive promotion,Explain PLC stages recommend marketing strategies,PLC Ansoff Marketing Mix,None,Moderate,Application Analysis,High - PLC frequent,Intensive promotion brand-stressing advertising more attractive design functional packaging more after-sales service heavier POS effort increase sales promotion hold loyalty trading down low-priced models price-cutting close private levels fighting brand trading up improvement quality appearances prestige packages price increase cream market levels proliferation more designs varieties more exclusive innovative features,Template PLC stage + marketing tactics,JA2022 Suggested Answers,High
Nov-Dec 2024,Q1 MSL,25,Pricing brand profitability evaluation,Cost plus premium brand F&F contract vs marketing director proposal,Evaluate profitability risk brand positioning,Profitability risk brand analysis,Data analytics pricing,Moderate,Evaluation,High - similar Blakes,MSL can increase prices without proportionate decrease sales volume improve profitability however brand image customer loyalty must be considered higher price alienate some customers especially if perceive quality lower due new leather supplier ensure price increase justified maintaining enhancing perceived value - Consider both proposals profitability lower risk focuses existing market operations risk losing price-sensitive customers quality perception issues - summary both proposals merits risks F&F significant revenue opportunity high risks brand positioning operational changes marketing director maintains premium positioning lower risk relies increasing prices reducing costs,SAF evaluation under profitability risk brand + price elasticity,ND2024 Suggested Answers,Very High
Nov-Dec 2024,Q2 Aviation,35,PLC + Porter 5 Forces + Cost mgmt & revenue diversification,Growth maturity decline airline industry lifecycle competitive forces,Eval: PLC stage + 5 Forces + recommend cost efficiency revenue diversification differentiation market expansion alliances,PLC + Porter 5 Forces + Cost mgmt,Cloud booking efficiency,Moderate Hard,Analysis Evaluation,Very High,Growth stage rapid market acceptance increasing sales new entrants expansion routes services investment marketing customer acquisition maturity market saturation many competitors focus efficiency cost reduction price competition intense innovation slows differentiation challenging decline decreasing demand alternatives high-speed trains remote meetings overcapacity shrinking margins consolidation exit weaker players airline largely maturity characterised intense competition price wars efforts reduce costs however specific regions growth - Threat new entrants high barriers capital investment aircraft infrastructure regulatory established brand loyalty however low-cost carriers entered increasing competition Suppliers Boeing Airbus fuel suppliers considerable bargaining power limited choices labour unions significant influence driving costs Buyers passengers high bargaining power numerous options price transparency online booking etc - cost management efficiency streamline operations reduce costs adopting fuel-efficient aircraft optimizing routes improving turnaround implementing technology enhance efficiency booking check-in baggage revenue diversification ancillary baggage fees in-flight premium seating partnerships differentiation customer experience loyalty personalized brand differentiation market expansion emerging economies niche routes alliances mergers strict safety legislation enhance trust credibility Zoland sophisticated economy efficient capital markets JIT logistics timely delivery cost-efficiency,Yield 5F table + PLC stage determination + recommendation cost revenue,ND2024 Suggested Answers,Very High
Nov-Dec 2024,Q3 PRAN,30,Ethics cost expansion feasibility & BCG & juice bar chain,SAF feasibility ethical premium product wider product range vs diversification juice bar,Eval ethical cost + SAF + portfolio,SAF Ansoff BCG Ethics,Recyclable packaging tech,Moderate Hard,Integrated Evaluation,Very High - SAF recurring,Ethical approach likely short term higher costs more expensive cost sales shorter shelf life higher wastage technological investment required develop recyclable packaging necessary competitor cost structures unclear whether able pass extra costs wholesalers consumer benefit brand widely available better known high street competition lots delis sandwich coffee bars strategy likely require amendment mission statement focuses production smoothies Acceptability PRAN already know product demand management lack expertise running establishment would need hire staff does core competencies retailing even staff hired need locate probably lease suitable premises cash flow required significant chain - Wider product range consistent current mission objectives brand image strengthens reputation innovation creativity fits government campaigns targeting obesity general population children suggested products consistent existing acceptance criteria 100% pure ingredients healthy product health drinks may not simple great tasting - business bigger difficult control retention open informal structure important larger may lose feeling small family team inevitably become more corporate outlook change impact staff importance team change carefully communicated managed expansion likely require further injection finance savings new - timing suits general trend society health fits various initiatives area PRAN produce premium product may suffer downturn economy consumers tire currently fashionable products future success depends ability sustain competitive advantage not difficult competitors follow suit copy ethical approach BCG matrix used analyse PRAN position,SAF table + ethical cost analysis + BCG mapping,BST ND2024 Suggested Answers,Very High
Mar-Apr 2022 SBM Cross-ref Q1 AJ Paper,8,Corporate strategy functional strategies,Crisis survival functional strategies turnaround,Explain corporate functional strategy,Corporate turnaround functional,None,Easy,Application,Medium,Ripple effect 2020 COVID Taka 1200 crore AJ Paper finding going tough general trend soaring prices contraction demand affecting sale products Chairman modest appreciating senior mgmt great job ride slowdown - Requirements corporate strategy adopted survival functional strategies undertaken overcome crisis basic responsibilities strategic leader business house,SAF style corporate turnaround cost reduction functional marketing production HR finance,Studocu cross-ref SBM Question ICAB 2011-2021,Medium
Not Available Official ICAB Website,2010-2016 Archive,Past papers not listed current site but passca.weebly.com claims available Dec2010-June2014,Not verified official marked Not available per instruction,,,,,,,,passca.weebly.com supplementary listing - not authoritative,Low
